url,timecode1,timecode2,timecode3
קרית גת:
https://content-us-1.you.pixellot.tv/events/6a199fde3be56d588e27e7be/hd/hd_1780066232719.m3u8

7:30
14:55
20:50
21:05
21:25
22:15
25:40
27:55
28:35
35:35
42:55
43:35
44:25
49:50
50:05
51:50
כפר יונה:
https://c.veocdn.com/3af750c6-6d44-4c5a-8eb7-ec6fea085665/standard/machine/5d669b63/video.mp4

18:40
24:50
25:00
33:45
34:55
35:15
37:00
39:05
39:25
40:15
42:35
43:50
46:30
47:30
49:00
49:20
53:50
55:25
60:45
62:50
63:05
78:55
79:10
84:15
84:25
88:50
91:30
95:00
96:00
104:20
111:35
קרית אונו:
https://app.veo.co/matches/20260502-u19-vs-v3a4d3c0/

2:43
2:53
3:37
4:35
5:45
9:05
10:30
14:35
16:20
19:10
20:20
24:24
34:20
36:20
41:50
63:20
64:50
67:30
68:30
71:55
80:00
83:10
88:15
89:00
89:40
92:50
